Function,Input,Output,Goal,Description,Rows,Dims,Bounds,y_min,y_max,Best_y_so_far,Notes,Last_updated,SHAPE,Noise,Signal Strength,Analogy,Next Move,WEEK SUBMISSION,OUTPUT,BEST Y SO FAR,QUERY METHOD,NOTES
F1,"2D (10,2)","1D (10,)",Maximise,"Detect likely contamination sources in a two-dimensional area, such as a radiation field, where only proximity yields a non-zero reading. The system uses Bayesian optimisation to tune detection parameters and reliably identify both strong and weak sources.",11,2,"{'x1': (0.08250725182080587, 0.8838898288181171), 'x2': (0.07872277794971883, 0.879898104984359)}",-0.0036060626443634,6.58252487183483e-10,6.58252487183483e-10,"Exploration: 2D, 11 pts. y∈[-0.00360606,6.58e-10]",2025-10-22 05:34:00,Mostly flat,"Almost negligible

",Tiny,"Radiation field (weak signal)

","Broad exploration

",,,,,
F2,"2D (10,2)","1D (10,)",Maximise,"Imagine a black box, or a mystery ML model, that takes two numbers as input and returns a log-likelihood score. Your goal is to maximise that score, but each output is noisy, and depending on where you start, you might get stuck in a local optimum. 
To tackle this, you use Bayesian optimisation, which selects the next inputs based on what it has learned so far. It balances exploration with exploitation, making it well suited to noisy outputs and complex functions with many local peaks.",11,2,"{'x1': (0.14269907423594608, 0.8777909889953304), 'x2': (0.0, 0.9265641975455574)}",-0.0656236244373373,0.6112052157614438,0.6112052157614438,"Exploration: 2D, 11 pts. y∈[-0.0656236,0.611]",2025-10-22 05:50:21,"Clearly structured (varies with x₁, x₂)
","Moderate, realistic","Stronger, more informative","Noisy ML model with local optima

","Refined exploitation with light exploration

",,,,,
F3,"3D (15,3)","1D (15,)",Maximise,"You’re working on a drug discovery project, testing combinations of three compounds to create a new medicine.
Each experiment is stored in initial_inputs.npy as a 3D array, where each row lists the amounts of the three compounds used. After each experiment, you record the number of adverse reactions, stored in initial_outputs.npy as a 1D array.
Your goal is to minimise side effects; in this competition, it is framed as maximisation by optimising a transformed output (e.g. the negative of side effects).",16,3,"{'x1': (0.0, 0.9659948489488087), 'x2': (0.0, 0.9413598305723256), 'x3': (0.0, 0.990881866558951)}",-0.3989255131463011,-0.034835313350078584,-0.034835313350078584,"Exploration: 3D, 16 pts. y∈[-0.398926,-0.0348]",2025-10-22 05:59:36,"Smooth 3D surface, no sharp peaks",Low to moderate,Clear but subtle – balanced combinations perform best,Drug-dose optimisation: gentle trade-offs rather than dramatic wins,Build a surrogate model (GP or regression) and propose small perturbations around mid-range values,,,,,
F4,"4D (30,4)","1D (30,)",Maximise,"Address the challenge of optimally placing products across warehouses for a business with high online sales, where accurate calculations are costly and only feasible biweekly. To speed up decision-making, an ML model approximates these results within hours. The model has four hyperparameters to tune, and its output reflects the difference from the expensive baseline. Because the system is dynamic and full of local optima, it requires careful tuning and robust validation to find reliable, near-optimal solutions.",30,4,"{'x1': (0.03782482853334601, 0.9856218929694016), 'x2': (0.006250400244917853, 0.9195923219593923), 'x3': (0.04218634513719777, 0.9391779073552307), 'x4': (0.08151656419033015, 0.9994825612275692)}",-32.62566022,-4.025542282,-4.025542282,"Exploration: 4D, 30 pts. y∈[-32.6257,-4.03]",2025-10-16 00:40:01,"Strong single trend with multiple local optima (4D ridge-like surface) The PCA and heatmap show one dominant direction (PCA 1) but still complex curvature, consistent with local optima.","Moderate – realistic system variability, not purely random. The std ≈ 7 across 30 points; variation in y is systematic but not entirely smooth.","High – clear negative relationship between key variables (x₁,x₂,x₄) and y. Correlations ≈ −0.5 to −0.6, strong coefficients in regression.","Hyperparameter tuning in an ML system – several knobs interact, dominant global trend with local traps. Directly matches the scenario in the problem description.","Focus exploitation on low x₁,x₂,x₄ region; light exploration around mean x₃. Lowering those variables improves y; x₃ can be kept near average.",,,,,
F5,"4D (20,4)","1D (20,)",Maximise,"You’re tasked with optimising a four-variable black-box function that represents the yield of a chemical process in a factory. The function is typically unimodal, with a single peak where yield is maximised. 
Your goal is to find the optimal combination of chemical inputs that delivers the highest possible yield, using systematic exploration and optimisation methods.",20,4,"{'x1': (0.11987922582428101, 0.8364779930351233), 'x2': (0.03819337135150802, 0.8625403059525095), 'x3': (0.08894684260658514, 0.8794841797090803), 'x4': (0.07288048110014078, 0.957643898670113)}",0.1129397954,1088.859618,1088.859618,"Exploration: 4D, 20 pts. y∈[0.11294,1.09e+03]",2025-10-17 13:03:40,"Clearly unimodal — yield increases smoothly toward a single peak, mostly driven by x₄ and x₃.","Low to moderate — variation in y is systematic rather than random, suggesting stable behaviour.","Strong — wide y-range (from ≈0 to >1000) shows powerful, well-defined response.",Chemical process with a single “sweet spot” — like tuning proportions for maximum yield.,"Focus search around high x₄ and x₃, keep x₁ low, and fine-tune x₂ near mid-high values to climb toward the optimum region.",,,,,
F6,"5D (20,5)","1D (20,)",Maximise,"You’re optimising a cake recipe using a black-box function with five ingredient inputs, for example flour, sugar, eggs, butter and milk. Each recipe is evaluated with a combined score based on flavour, consistency, calories, waste and cost, where each factor contributes negative points as judged by an expert taster. This means the total score is negative by design. 
To frame this as a maximisation problem, your goal is to bring that score as close to zero as possible or, equivalently, to maximise the negative of the total sum.",21,5,"{'x1': (0.021735307663796388, 0.9577396688833609), 'x2': (0.11440374416322774, 0.9318712161635005), 'x3': (0.01652289968556364, 0.9788057635601997), 'x4': (0.045613185779449616, 0.982008), 'x5': (0.004911495864404647, 0.892819191058788)}",-2.5711696316081234,-0.4959150150621726,-0.4959150150621726,"Exploration: 5D, 21 pts. y∈[-2.57117,-0.496]",2025-10-22 01:05:40,"Moderately smooth, slightly curved surface. The best region lies at high x4 and very low x5, with weaker effects from x1–x3. The gradient is not linear, but changes are gradual — looks like a sloped ridge rather than sharp peaks.","Low to moderate noise — nearby points show consistent Y trends. The function behaves smoothly, meaning results are repeatable and predictable.",Strong and clear signal — x4 and x5 dominate,"Like tuning a cake recipe: more of ingredient 4 (sweetness/fat) improves taste, but too much ingredient 5 (burnt/bitter factor) worsens it. The “ridge” of best performance lies where x4 is high and x5 is kept minimal.","Focus around the current best region (high x4, low x5). Try fine-grained steps increasing x4 slightly above 0.7–0.8 and pushing x5 below 0.05. Keep x1–x3 near their mid-high values (0.6–0.7). Mix small local moves with 1–2 more exploratory points beyond x4 ≈ 0.85 to confirm the ridge.",,,,,
F7,"6D (30,6)","1D (30,)",Maximise,"You’re tasked with optimising an ML model by tuning six hyperparameters, for example learning rate, regularisation strength or number of hidden layers. The function you’re maximising is the model’s performance score (such as accuracy or F1), but since the relationship between inputs and output isn’t known, it’s treated as a black-box function. 
Because this is a commonly used model, you might benefit from researching best practices or literature to guide your initial search space. Your goal is to find the combination of hyperparameters that yields the highest possible performance.",31,6,"{'x1': (0.0, 0.9424508393797228), 'x2': (0.011812836708676278, 0.9246939036961066), 'x3': (0.0036345648296357558, 0.9245705141349381), 'x4': (0.07365918727355969, 0.9610171372277223), 'x5': (0.014944176429292355, 0.9986546964586872), 'x6': (0.05109986421364299, 0.9510139152470551)}",0.0027014650245082,1.5650708126009862,1.5650708126009862,"Exploration: 6D, 31 pts. y∈[0.00270147,1.57]",2025-10-22 03:14:20,,,,,,,,,,
F8,"8D (40,8)","1D (40,)",Maximise,"You’re optimising an eight-dimensional black-box function, where each of the eight input parameters affects the output, but the internal mechanics are unknown. 
Your objective is to find the parameter combination that maximises the function’s output, such as performance, efficiency or validation accuracy. Because the function is high-dimensional and likely complex, global optimisation is hard, so identifying strong local maxima is often a practical strategy.
For example, imagine you’re tuning an ML model with eight hyperparameters: learning rate, batch size, number of layers, dropout rate, regularisation strength, activation function (numerically encoded), optimiser type (encoded) and initial weight range. Each input set returns a single validation accuracy score between 0 and 1. Your goal is to maximise this score.",41,8,"{'x1': (0.009076976680729043, 0.9859453896331098), 'x2': (0.0034194994840646142, 0.9739797874919709), 'x3': (0.02292867798954412, 0.9988854968558359), 'x4': (0.009043485399991336, 0.9029857747482919), 'x5': (0.009648877991745852, 0.986901999632929), 'x6': (0.022113406876058894, 0.9902438143772585), 'x7': (0.03590887616954386, 0.992914494924961), 'x8': (0.04195606945702324, 0.9887551042522277)}",5.5921933895401965,9.598482002566342,9.598482002566342,"Exploration: 8D, 41 pts. y∈[5.59219,9.6]",2025-10-22 05:00:28,,,,,,,,,,
